x,y,token
-31.267056,14.435461,ा
-31.665245,15.432334,्
-31.27835,14.201794,ि
-31.094366,13.949045,क
-32.40465,13.936923,े
-31.162615,14.414888,ी
-31.094072,12.998591,र
-31.065664,15.196336,स
-31.232944,13.057977,न
-29.536158,15.066569,त
-15.330632,2.5334463,म
-19.272697,-17.183802,ह
-31.864832,14.452369,ो
-30.430475,14.166613,य
-13.551956,1.8157904,ल
-27.778118,13.641204,द
8.32831,-15.2411,ु
-31.625868,16.183027,प
-19.37373,22.870945,व
45.337692,-17.876661,-
-4.1345124,6.093872,ं
-32.708755,11.3839035,ज
-5.5682516,-31.076607,ग
-7.5022063,4.893635,ें
-22.339146,-24.659296,ै
5.3071213,19.335367,ू
-14.406739,2.5929267,ब
-3.702424,12.81928,श
-17.709742,12.446693,भ
-21.920618,-5.4895196,ों
-9.183748,-16.5765,।
18.797625,-15.398436,ट
-2.158937,18.218191,ष
-1.5461355,24.396759,थ
-14.67631,3.3255656,च
-29.740658,10.8620615,ध
-33.209507,13.820544,और
16.11275,-16.046452,ड
-29.347338,13.008779,पर
-7.4132447,-4.7597876,ख
-21.573977,-10.973786,ए
-22.325779,-24.67114,ैं
45.349293,-17.865154,LRB
-38.4956,2.4568012,.
45.343254,-17.87275,RRB
17.018373,-8.596334,फ
13.406559,-19.955595,़
-19.142784,14.279761,रत
-21.162125,-6.148373,कर
-31.058245,12.01301,ां
14.551788,-30.241913,ाँ
-0.77078193,19.172474,ण
2.8893104,16.437065,ृ
-9.41849,15.94085,एक
3.2974339,-4.554187,ौ
-5.8899436,-13.5565605,ई
14.852406,25.543524,छ
-16.455908,-19.266714,यह
-19.186106,-23.171837,इस
-13.032686,11.775793,अन
-11.724077,2.3617332,वर
-22.144785,-13.393887,करन
-11.153929,-12.658795,ीं
-4.743662,-18.905403,","
-6.847401,-27.930008,िं
-18.723969,9.45532,सम
9.935312,-28.989607,तर
-21.353613,2.1216478,गय
8.800576,-16.819733,अ
-14.432533,-11.643185,रह
13.990773,-20.028374,़ा
-24.807981,9.471256,अध
2.978198,-17.224562,़ी
-13.765025,-13.202368,नह
-23.700363,-10.294763,अपन
-16.21839,13.609813,जन
-22.523739,19.935179,रक
-3.9458296,-9.387144,उन
-31.725119,7.1294756,रण
-5.3951993,28.742105,सर
-12.86059,-11.248585,तक
-17.788969,-9.832652,आ
-14.411006,0.29178098,बन
-23.357437,12.327774,ओ
0.51983523,9.551097,उत
-13.869383,23.247086,तथ
32.77148,-16.55981,रद
20.408129,-13.913078,ॉ
12.360545,-16.372179,ठ
-23.208736,9.103812,यक
20.474876,-4.2407966,:
-5.03222,26.713793,मह
32.770626,-16.538795,षण
-27.792173,-9.534336,उनक
-19.808355,12.497975,घ
-6.4853,2.7982998,लन
-25.258842,-9.880145,मन
-17.232508,-16.161337,करत
5.536117,-4.813468,रस
-12.807004,0.3500613,इसक
17.161524,17.783522,यम
-18.798483,-19.032318,सकत
-12.701546,-13.676921,वह
12.773552,21.226286,पत
-29.042345,21.859175,वन
24.343363,-2.7853382,(
-27.368027,21.641811,दर
-28.166693,-10.561986,उस
-19.499977,-13.791587,लग
-8.778749,18.900953,हर
-26.126434,-19.52358,बह
-11.153915,-21.344524,झ
-17.430098,-25.317839,ँ
-27.779833,20.488789,शन
-14.051591,15.650099,ञ
-6.8072343,15.30724,रम
-26.401203,-16.950043,सक
-17.614063,-18.681591,कह
-24.456451,6.1651783,यत
-2.8416426,-28.697035,सन
-18.775671,-2.5713212,इन
19.203365,-10.773756,़ि
-27.964281,8.599536,पन
24.343779,-2.785777,)
-25.54316,-2.0031161,गर
19.01634,-18.97813,इ
-12.409827,26.49899,लय
21.262175,-14.62985,टर
-18.301567,1.1651236,कम
-24.597813,15.350336,आर
-35.221066,0.8899042,शब
-16.732212,11.829776,अभ
-24.502998,3.979505,अत
-29.012392,-10.506719,समय
-11.3083515,-16.599249,लत
-11.146048,11.933265,नक
-13.603944,-27.424406,हम
-8.130168,11.673391,बड
-21.59825,20.652075,गत
20.725117,24.913937,दक
20.354105,13.763439,बर
-8.930838,23.859787,एव
-10.086553,13.128368,ढ
-16.852285,-14.124522,पहल
-0.39386833,26.204456,अर
-31.113028,-15.513149,रय
3.9723337,-26.974174,़े
-4.3146954,20.257313,अस
14.903049,-16.514187,कन
-22.26034,5.811458,करण
-35.97224,-3.89926,उद
-21.417862,-3.2961552,कई
29.275707,-16.775564,जल
5.438299,29.24651,ुं
11.84447,-10.686198,कल
-13.110788,4.971308,दन
-20.391579,6.3323164,रभ
-9.430357,-21.091013,आत
19.635689,-19.148027,यन
-8.314421,9.737915,वल
-21.54736,-20.940126,ै.
-22.99984,13.88168,सरक
-10.095607,12.351874,मक
-18.271774,-17.388498,ऐस
-7.168176,-1.0303437,जर
-25.189854,7.355531,आध
-32.258926,-12.593898,धन
-19.703726,16.762365,वत
-27.468061,6.5167966,सभ
-14.506917,-14.63198,जब
-12.091174,13.862533,चन
-11.987401,1.3767369,तन
-10.703652,-14.119895,आय
-14.953519,12.569774,रव
-9.184365,-25.265127,गल
-27.11883,-24.081896,अम
-14.767537,-19.393724,उसक
-21.851524,4.277935,सह
-10.528503,-22.832518,लक
-21.536366,-21.472826,ै।
-5.0518804,11.756001,हन
-24.051107,-4.969021,गए
-2.9279153,-24.13392,पक
36.063828,-15.272321,वरण
-21.772501,-18.636093,आप
22.776669,10.239419,टन
-7.2178764,-20.204315,़्
-7.256213,12.4018755,सबस
-4.7502446,-6.172034,रन
-11.344864,19.110529,धर
18.046093,-12.718365,यर
14.873327,15.659303,अल
-15.990203,21.205381,ः
-29.530188,-9.54664,गई
-14.423509,-26.086506,नत
13.131167,-29.194334,सत
-20.627047,15.293084,वस
-7.14472,21.70123,तम
1.6444942,-18.452816,रफ
-8.078922,-15.214299,चल
-1.0880678,19.597578,पश
-19.615667,-11.8937235,आज
-25.502853,5.802914,रश
7.693233,18.613525,नव
-26.974882,17.419678,पद
6.0946126,17.117027,अप
-6.1219883,-17.394592,अब
-6.703376,17.893637,कप
-25.223795,13.482368,शक
-0.6190622,-9.909715,जह
4.3138943,-23.477644,पड
-35.988148,10.156317,महत
20.239676,-12.784282,इल
-24.692575,-7.394298,खन
15.024643,-31.2017,सव
-20.425825,-7.827798,अलग
-19.181948,-6.7489734,बल
-9.561901,29.908194,मध
29.41269,14.781443,s
-14.907563,10.306697,इत
-16.37706,-23.511616,हत
19.740282,14.479543,अक
3.5682056,-12.586852,आन
-27.898712,-2.281337,मर
-26.267303,-7.461127,घर
20.765081,24.90606,अफ
-40.71028,0.30845648,लस
-11.234875,6.439767,नद
-9.308337,-22.371475,रख
-18.708004,24.042494,आद
-9.8327675,-25.09514,ूँ
4.9591913,21.138966,ा-
-16.85865,-15.945825,यद
-12.049336,-25.10397,तरह
-5.4524317,16.564592,चक
-11.613055,5.1468024,शहर
-35.990593,10.155665,वप
0.90417635,32.46016,सद
-27.322584,0.34176874,वक
-21.27078,-4.2535753,बच
9.908908,29.00589,कड
-13.902892,-6.2859745,मत
10.429902,-18.334553,ी-
1.5458646,-18.777456,मद
32.740112,-15.605292,षक
-24.503586,-0.7938205,कत
-4.683158,24.467808,नगर
-30.270779,-16.301329,उपय
-7.3824444,21.88774,नस
-12.135357,16.252193,कव
2.0286574,-26.737955,ओर
0.28953233,-23.73971,बढ
7.3047547,-11.967287,पह
24.351286,9.114795,शत
28.771505,13.2059765,'
16.1364,-7.137107,सल
-22.80113,6.555139,तत
-7.0203004,-14.378561,ा।
-18.493614,3.2786324,बस
-25.408352,-13.901452,आव
-21.809069,-18.601713,आपक
2.6076803,26.46027,मस
-5.2422695,-25.549774,नन
4.6066847,15.81146,अव
22.914276,-17.120176,इट
-14.371213,-14.427176,तब
-8.694287,-10.439802,आग
-12.444633,26.503368,वव
-6.8498263,-23.568502,शर
10.531276,13.136618,आश
32.930576,10.682259,%
-15.190919,-20.654818,भर
-25.58409,3.0223012,इनक
-12.454135,29.22567,*
-18.292728,-5.448576,लगभग
11.600008,21.281118,कट
-26.074541,-5.2495465,रचन
-23.902235,1.9258589,उच
-22.483093,3.1293495,कस
-20.149405,4.494764,गन
-16.44622,22.773806,तव
-18.35068,-18.412876,?
-16.604443,19.247086,थल
10.025243,-22.341505,यल
-3.0013232,31.626383,नय
-24.361626,-18.46046,ा.
3.4798477,18.71287,नर
12.020765,-24.9677,हव
-14.144271,27.815468,पटन
-33.593235,-0.65170896,अरब
-14.579532,24.583345,डल
-24.546392,-13.138303,पस
-20.254866,-3.2459102,नम
-29.3407,-13.501633,रब
-21.206924,-21.144817,ैं।
-16.18818,-9.44004,बत
-40.70907,0.30499148,सज
-20.901255,3.156311,भव
-32.238796,-11.332177,दल
15.67948,-18.247213,़ो
-1.6232871,25.940298,यवस
-12.166134,13.873778,आल
-10.430708,-19.228008,सब
-17.860836,16.630291,जध
28.757751,17.365803,“
-11.238394,3.4553683,उल
-13.141676,-17.56023,कभ
-21.1144,13.368603,‍
-18.688404,20.267344,षय
-28.172285,-2.8762336,पण
-4.0708814,2.8956742,आक
-36.443203,5.8319225,भगव
-4.7389994,-23.03486,रज
2.1169162,-7.959894,रहत
-19.746439,-4.7279773,मल
-3.0908217,-21.123108,खर
-33.52292,-0.90635675,उर
-7.8618317,13.243034,रदर
-5.278022,-20.877073,डर
8.688433,21.758003,नई
14.364087,17.90252,गम
0.8449364,28.64043,हस
-8.119333,-28.066961,अह
17.556808,-30.460981,ईस
-8.835117,18.487293,जव
-16.897264,-6.4531426,|
-12.402213,-19.465736,अच
7.3190675,-11.887063,ुँ
-24.741644,-8.832319,वज
8.211989,21.565323,लव
41.758743,7.6421494,;
-17.498312,-8.329217,उप
-25.075832,0.47374538,चर
-7.372996,-21.311195,इसम
6.1916485,13.439664,ऊ
-23.74844,-8.960577,रहन
-22.974615,18.096893,यव
29.82573,15.456556,>
-2.8980916,14.868104,अश
7.666709,-4.7911673,पट
-12.445347,-0.18109378,आम
-15.674295,-10.5172,हट
-17.888414,-21.69226,कहत
-20.97627,-20.869858,ैं.
-1.641122,14.594571,ौं
-17.300573,5.8525586,उपलब
-36.45564,5.8273363,‌
-10.583028,30.973438,जम
-9.6094,10.463451,समस
-13.950306,27.281044,यण
2.5698884,-24.206688,लड
28.479948,16.180872,”
20.911863,-13.8366,लर
-31.727755,-6.2628384,भक
-5.236654,-18.818228,"ा,"
22.91517,-4.7181,/
-5.9890656,10.306501,यस
-35.24639,-9.55414,आवश
-30.32663,-2.8327048,समर
45.657772,5.7684927,एस
-19.931671,-18.56626,अगर
-28.605791,-7.0521884,आस
-32.002483,-7.083811,णन
-32.176178,3.5213082,फल
-22.225298,11.909711,वय
27.904257,-10.284924,इड
-28.34727,4.788,जनत
5.205258,-15.961422,डन
-22.194853,-14.586259,सस
-13.336333,-15.725021,अद
-20.449533,-16.210629,बदल
-18.649122,-8.829237,घटन
9.76146,-17.977718,धक
-31.065195,6.1445303,समझ
-24.922083,-5.250227,रखन
-8.093265,15.284416,रथम
0.7973977,-21.696302,उठ
-20.524418,-20.116798,"ै,"
-20.287815,7.26899,धत
5.699904,25.753025,इम
4.8459516,-25.628586,हज
-16.394207,7.915383,जनस
15.113822,-27.986998,इक
-20.63383,-14.953046,इसस
-2.797819,16.1526,रच
11.933595,-9.03268,लम
-16.94479,6.891419,अपर
29.75245,15.46524,<
30.378216,8.718217,ी.
7.9987245,-19.63251,जक
-5.709888,-15.85934,े।
-35.993923,-3.918909,हरण
-11.6565,25.061966,सच
2.9324489,-21.130926,खड
1.3935856,-23.979599,पढ
-18.169003,-0.7845222,नल
22.400438,-12.900162,एन
-29.16231,-6.382688,उसन
-16.46974,-20.89073,खत
1.8150874,-22.31069,गड
-27.561167,6.398046,सदस
-6.838979,24.769926,जय
-19.294914,11.857863,रध
12.959179,1.9170406,परम
-16.790125,1.6824598,अथव
-1.2389263,11.109849,टक
-11.619525,19.42077,रप
12.070028,-25.069786,अड
-8.200752,-18.445242,एग
-15.664286,6.2493267,यप
30.98665,-8.069631,रल
-17.706692,-3.770036,षमत
41.07631,2.939566,एल
-13.984207,-22.623901,इय
-16.794117,8.647283,जस
-15.10005,-16.505604,ूं
-27.328388,2.9547994,े-
-28.989378,-17.99423,पय
35.087017,8.445965,१
28.853174,1.9379953,एम
-22.876453,-11.822214,सहय
-16.747835,17.09424,ऐत
-21.761139,0.18394458,कब
54.821194,-2.833855,of
-26.745136,4.7831798,षत
-11.09076,1.1798428,अवध
16.960516,3.1655192,दशक
0.30543712,11.671223,दस
-28.910328,-4.856545,पष
16.86713,-15.757342,ऑफ
5.2759047,-4.4078703,तल
22.006124,-12.171207,आई
10.614039,2.345656,हल
2.8632748,-23.821032,उड
-2.409832,-11.320347,़ु
17.256119,-13.046449,मच
-10.530914,-17.70865,दब
-17.089046,-24.661232,इसल
15.725433,-28.335209,पच
11.226875,-18.169788,अमर
12.989956,-7.165766,उ
-23.721277,-5.711577,रखत
-12.9843235,-23.524788,जगह
-24.064316,-2.0066812,वजन
-14.366603,19.609,नप
-29.621798,2.622292,नए
-24.785643,-14.632788,बज
-24.682539,3.2874234,अग
-4.422483,-7.294971,अवस
-22.665836,26.091555,ृं
-19.314869,0.2294762,सप
-19.346628,22.694021,वश
-24.408373,3.9782836,यध
-15.084325,9.353574,ईर
-20.32907,-9.886921,ऊपर
-14.052919,-10.107421,चलत
-23.785265,7.114943,यय
29.690336,-9.449215,फर
-17.223896,18.253763,अवश
-22.231758,-15.636176,इनम
5.4617333,28.82618,बई
1.5493915,23.674335,मज
4.897883,21.879147,हक
-18.420029,-12.987303,आकर
-0.9155489,-26.15775,करक
-30.276976,0.37765756,अवसर
-16.217173,-22.11977,कहन
-22.836622,2.0447414,परन
-30.58276,7.101852,कथ
-30.288187,-2.7988906,थक
-26.090782,10.137699,ययन
-23.044744,16.414354,चय
5.1034923,-6.395016,ी:
-22.663662,26.095867,खल
-18.497875,-10.308408,सलम
-18.59969,-14.863465,मदद
-0.81246567,-19.886559,टल
50.591198,0.32388365,इब
13.166436,0.6775682,कश
0.42795178,-17.186184,थन
-2.1883383,-17.69664,रग
45.773365,5.771114,ऐ
-18.542051,19.48621,मण
-35.242653,-9.555112,यकत
-35.822342,1.1137913,‘
-11.56157,-2.6765382,छल
-34.02641,0.95536244,टरन
-7.031148,11.862988,एश
-10.806592,26.751024,भवन
0.84854114,28.618631,षर
-19.240536,7.8715806,बद
-13.435954,6.902558,चलन
-7.426879,21.903017,मचर
-6.5351796,5.9177804,चरण
10.39115,18.160069,ऋत
-3.7013762,22.280598,ि-
-12.281602,-15.384502,वजह
-23.577093,7.733992,जभ
50.008278,-12.509997,वच
-21.562384,8.480892,औद
-11.048943,8.323952,णवत
34.11402,9.064182,३
-11.915014,10.61181,मग
-5.0448523,-18.780981,"ी,"
-18.063608,-20.575956,लगत
-11.985624,-11.4285755,े.
26.374565,12.769192,}
-20.397411,-8.156701,उनम
-5.9962735,-15.502227,ी।
2.9866729,-18.665989,आए
36.31144,6.385797,६
18.51147,-16.93333,सट
14.406829,-8.572073,पल
4.881096,22.16094,बक
33.401527,7.2447248,२
36.255318,3.5721257,जनवर
11.392297,17.108717,औसत
-2.3987622,4.530241,उपर
-8.797874,-3.5850208,इश
-15.526914,16.61859,जग
-17.139618,4.3348947,तकन
-10.743535,15.385242,उपन
17.77566,-12.886458,टव
32.693916,6.8160954,2
13.885786,27.950153,्-
-28.30442,3.2906299,रहण
1.8206885,22.847225,अज
27.24423,10.223864,1
-14.05454,-17.766008,इतन
-14.636759,-8.178499,जबक
-35.84417,1.1197511,’
-14.468975,25.75175,आसप
-20.425259,10.928208,दत
6.877381,-22.364952,सड
-3.889441,2.7806873,रमण
-21.712914,11.263347,गठन
7.168009,-21.83845,छत
34.405983,8.733719,५
-6.724699,17.84627,शम
54.189976,-10.340093,°
-23.73001,-16.332987,दम
-13.289876,17.807102,मश
-32.153267,3.5695841,ज़
-16.30386,-20.117647,कठ
12.591698,-15.516013,नश
47.579254,-14.215716,pollution
13.890298,27.941975,ऊण
-12.088686,17.27377,मव
0.9174888,-23.590878,पकड
-20.069595,-19.972294,"ैं,"
-15.132865,-21.958954,कदम
-18.475744,19.86767,शव
-9.611151,-25.047031,दश
-23.192898,-7.1388836,णय
-10.102676,21.356089,मकबर
-10.254952,13.140042,घन
-25.994976,9.796304,कतर
30.45514,6.0335455,३०
-4.7452908,11.191302,नज
-11.321239,9.819223,दय
-18.685186,11.323318,इर
44.257313,-13.158084,थर
-4.3236833,20.068052,मय
23.811165,12.498976,ड़
-22.636406,15.9335165,वहन
-24.697836,11.17717,षद
11.219209,17.011896,पम
-25.088648,-13.5922165,गव
1.8996781,-24.834995,चत
6.1194944,-17.572886,बरस
-12.680327,-32.71211,रपत
36.073246,-15.110073,एज
-15.722253,-14.257821,"े,"
-26.500769,-16.939817,षम
-16.648172,16.141706,गद
-26.289495,8.961597,कतम
-15.3022995,-1.1247545,वध
-11.699358,30.521255,जप
34.13548,-14.089686,उपकरण
35.855194,-2.760414,लब
9.768839,-22.265747,इजर
-15.563648,17.981384,ु-
3.9000812,-26.661509,़ों
-26.606554,1.3065592,एकत
-13.231549,-21.964764,लकर
-33.764835,0.10088121,रचल
26.37292,12.748531,%{
3.7817109,16.7789,वसन
32.710922,2.002827,़ै
-14.93777,22.565056,कलन
18.647972,-15.450267,टम
54.858936,-3.296877,the
7.8045435,11.988844,लच
14.5142975,-13.941122,तज
-18.310932,7.386378,हद
-27.405762,1.6073158,यवह
-5.33469,28.64569,सरन
7.0184255,14.050833,झक
-24.645542,1.1915044,बनन
39.96055,4.6427627,RSB
-1.2803544,-10.154926,१९४८
-15.853675,0.09552466,ईल
-1.1059355,-12.460471,वचन
2.7173114,-24.791618,सफ
36.764523,8.44533,आईएसब
28.244965,-13.786556,औषध
-20.495655,-1.2915825,भय
25.288671,-14.316066,डक
-14.855293,7.806203,अवर
-9.378279,-2.1748872,फसल
4.5887847,-3.4764128,दग
-10.996728,-6.4573708,अय
40.846786,7.513722,खक
-15.170444,5.1880627,तस
-20.300955,1.6811769,कहल
3.6307604,-15.884679,लकड
15.295525,-28.344843,नब
-12.372698,-10.29313,गहर
18.984777,10.33838,फरवर
-13.038046,-8.63948,बहत
-28.965948,-16.941565,ें.
-20.145992,6.372063,जलव
27.986135,7.6281996,१०
-1.5948414,-21.787838,तरफ
-21.629038,14.168734,गठ
2.8335602,-23.43126,तड
-17.884563,14.655312,अख
-31.698915,-6.4006343,ईश
-18.208683,-18.837484,उसस
-12.827592,10.377535,णत
3.1519856,-21.891136,लज
36.72597,8.401546,ऍन
-11.896734,-5.3411207,रसन
22.729202,10.086956,बढ़
17.568813,-22.5639,नमक
33.8267,8.46789,७
-21.658926,-8.449432,टत
34.088764,9.513593,४
-18.814543,2.469967,यश
13.835901,-19.747564,़ें
-19.982128,-11.2703905,सफलत
36.768093,-9.986952,१२
-8.288142,-6.731697,जट
33.288986,9.722985,८
21.853737,9.2609005,२०
2.8736906,-16.403997,हब
16.040314,8.698279,डकर
-29.78982,0.3716185,कमज
15.908059,-16.215506,इज
-1.9855666,-18.174097,दह
-6.5903983,24.448002,चम
36.65529,8.110588,०
-15.064288,-11.644328,सबक
-17.172298,-1.2994132,"ें,"
31.028387,-11.546509,अघ
-14.065136,15.6208935,पव
10.757652,-14.3917265,हड
10.342638,-4.239557,उज
39.8669,-4.5627403,6
-9.833191,-14.967831,चयन
28.93612,13.317368,'%
2.8818548,-22.428497,चढ
-19.072304,-1.0527184,करव
-8.02855,-9.745129,ठन
-12.521589,-18.987514,इच
-7.3106284,-27.582853,खद
-13.609289,-7.1321163,तरण
-11.573537,15.41167,भग
29.687113,11.071306,0
50.89352,-11.460863,Act
-10.377543,-22.42146,मब
-13.7703,28.992704,जफ
-18.689344,4.523066,वभ
17.15181,10.179349,१९३०
-4.1570115,-2.3422706,आख
-18.0184,-21.47617,जत
-3.593707,-9.380902,छह
-21.324924,-14.084104,हमल
-17.906908,2.3639753,नतम
23.817926,12.477013,ु.
-14.189162,-9.978899,पहर
-16.203756,-17.771006,गलत
51.736797,-2.9132617,""""
0.5754281,-2.781012,लघ
26.300688,-9.471795,डम
-30.117256,-16.307596,गकर
-29.013863,15.44688,धम
3.067316,-25.70535,पहन
16.763624,-11.030174,बग
-8.192346,-9.227829,खतर
38.129353,2.686735,वद
-12.706146,-15.485164,उम
-22.185349,-1.9721361,आह
3.6824925,-26.168064,कपड
-20.184631,0.79716164,लभ
-15.354973,3.8955424,मप
23.748638,5.7419844,ा:
-14.079552,21.597076,सदन
-12.488036,-5.9857535,रकट
-27.870802,-2.5027647,ठक
-22.677599,2.5228128,उपज
-12.490373,28.365114,गलप
5.0743446,-11.247416,दरग
12.740141,-15.588179,जगत
-4.5728474,4.683805,वनस
4.307937,-20.391869,उसम
13.804228,14.350494,दव
-22.165379,10.251868,यकर
-8.127448,-3.0689304,रथ
-5.573898,-8.806207,शह
4.9371724,-8.034285,अकबर
-14.559981,-4.560636,तच
7.9156556,-9.407643,आदम
-0.5856055,15.052864,कक
1.4029206,-3.1992304,लप
-25.352383,-11.930598,खकर
0.6299506,23.338047,यज
-16.613848,-11.343946,सफल
-7.7314005,12.772367,ऑट
5.1471186,-22.645096,गढ
-25.8478,9.143275,अपव
7.52832,16.261515,मम
-15.188893,-19.988285,सहमत
-19.671467,16.952805,सरस
-8.253988,6.718017,सरल
-1.0813434,-3.492517,शल
-22.28989,-1.99984,शभक
-21.930391,-8.421869,उनस
-6.320544,-17.339464,अगल
5.820374,-8.576723,हजह
-25.14341,-13.908224,पसन
36.65144,-8.48089,१९९८
12.497481,0.8390758,बहन
46.58801,-14.170318,noise
-19.33681,-13.963007,पहच
-13.575608,28.202396,दरभ
0.863856,14.40093,घट
-13.733264,28.960348,फरप
-6.43184,2.4011016,समझन
-16.42685,-23.430672,ठहर
-26.451153,-14.146976,जयक
45.790592,5.778323,एच
-2.5100374,-9.549888,मकथ
39.79138,4.7282224,LSB
-21.858843,-5.819462,हतर
-22.342834,9.702478,उपभ
42.509052,-12.946458,अपश
-1.5790642,13.106686,तग
11.622302,-5.4040833,लह
-21.270466,18.350729,अपभ
-19.46647,13.925422,आरम
-4.730898,-22.808512,शस
-9.782055,-0.23998289,नच
1.099535,-12.263568,PIPE
-17.88854,13.444036,१८५७
19.791939,-9.243071,परद
15.109522,-10.01448,इप
45.498497,-7.52446,I
-15.277093,-3.326154,गण
-10.196419,5.6958528,मरण
-9.816897,-14.55939,नकर
-13.714852,25.163929,मगध
-10.53018,24.127985,तप
-14.065318,-27.266737,...
-2.7335172,18.609575,अवक
3.343783,8.457133,वट
24.209326,3.5305955,यतन
30.904934,8.708488,ि.
-28.428902,-10.14636,उपस
19.613556,-6.9714646,1960
-21.825718,7.485838,उपच
-23.626534,5.5214796,रगत
26.724361,7.2453065,१०००
-20.310019,14.711655,गमन
28.886099,4.4048643,मई
2.2026243,9.920399,शय
-17.965939,-9.774302,ू-
13.249163,-9.670744,एर
14.902289,-30.543262,बय
29.067553,7.8942866,१३
-11.746651,13.848282,आदर
-8.871332,26.324158,लगन
-4.8782067,-12.56883,!
28.743626,15.683948,…
3.6252992,-17.87494,1980
26.582388,9.416637,3
17.915644,13.730679,तट
-16.29057,5.0789323,यथ
-21.700495,4.1401396,मजब
40.212887,2.564314,1977
-9.9588175,-7.5029583,असफल
-5.3276515,22.903542,गप
43.533623,-10.73418,कचर
30.34387,1.6845626,अगस
-24.021149,6.388717,थम
41.514275,7.229951,1965
-2.5666301,-22.563902,मतभ
20.421066,-7.9322524,बम
23.16192,-16.50593,गटन
-13.186771,25.221563,रमश
54.887257,-3.9007277,in
25.515368,5.999868,२००१
35.00617,-7.9923687,१९९०
-14.619389,-27.582567,उतन
-0.34925854,-19.933508,गज
0.93262655,32.422447,छठ
-29.741676,10.095915,करमच
31.43184,11.124356,d
1.641692,-22.468197,भड
45.766487,-14.1147,contamination
48.194412,-2.1958175,Gandhi
42.15769,3.9118068,1968
17.686422,17.25395,आकलन
-6.076638,19.828276,समतल
-29.005062,2.5443397,रयत
7.458003,-9.971232,शकर
2.6132026,4.9072366,ईम
-30.94547,6.6914654,यकश
16.14931,-30.978422,चव
42.812798,-12.6323395,waste
-14.630736,19.544277,बनव
-17.3004,-0.077946045,ऑस
30.979557,-6.580183,कण
4.4564004,14.045183,दलदल
-12.103249,-24.096992,रचलन
-25.580204,-3.007563,भरत
12.757622,1.542184,हथ
-4.433445,15.884616,ैः
-24.232418,-2.2205174,यमन
28.422483,9.122469,१५
-21.849913,18.628761,गश
32.531784,9.664845,९
8.914918,-16.49013,ो-
-13.334483,11.766534,गणन
-1.0321689,0.5522088,आसम
-18.56871,5.958152,उपह
-20.355637,-1.2819195,ें।
-13.158347,-12.3404,तभ
-1.9933769,16.715923,तरर
-12.953465,8.139611,वण
-28.827866,21.747046,नवज
-1.1135927,25.496548,थव
4.521824,-3.0641794,अपम
19.036732,-18.90883,शनल
-13.7663355,-13.099595,महस
21.404848,2.380218,२००७
12.802941,-15.0348015,गस
4.770683,19.798168,लद
7.723024,11.730761,चड
-18.541443,-1.5767177,आउट
2.8047495,3.868918,मरम
-21.22049,12.509545,षकर
-28.999851,-5.805319,नष
-2.569407,14.553003,जनक
44.357582,-7.552806,२००४
-24.469147,-8.862983,बदलन
29.27632,3.2190623,5
32.226154,-0.5161288,खग
-4.4152036,10.996242,अवत
8.666872,-15.364369,लफ
21.063816,-8.168522,घड
33.217472,-4.206372,जलन
30.036808,-2.514827,१९९७
41.0548,-2.866571,१९९९
-4.2162347,-10.873713,ऋ
19.030945,-10.941849,मफ
-4.9892426,-14.056401,़ू
3.675267,1.4909897,आसन
-16.954647,-13.817272,हमन
-14.165774,6.484397,रवर
13.092661,13.987609,धश
17.0565,-3.835983,फड
6.394179,-3.0540323,छव
18.449669,10.343775,२१
22.97152,-16.946455,गडम
-16.88222,-12.050876,चरम
-15.045481,13.950559,धव
-17.002785,3.189632,ऋण
32.13175,-3.605954,पथ
21.891148,-5.3381934,डव
41.353836,6.873057,1961
-0.43443388,12.628892,भन
-27.880981,21.370443,रघ
-23.920671,11.073544,फ़
-13.396562,2.9099205,समक
-23.238037,0.12649305,बनत
-9.370176,-9.015066,मरन
-10.598119,12.013762,षस
42.10815,3.757954,1966
-11.84048,-9.251061,आठव
19.580227,-11.998304,इव
50.469025,-11.508335,Air
37.542618,-0.7685802,महल
6.4478097,0.0086917225,2007
9.504147,-7.8281665,तरक
25.990446,-4.392189,गरण
13.282068,-12.376996,यड
28.832382,7.01886,१००
21.406902,7.966206,20
-21.407892,-0.16374163,आगर
42.27986,-1.4435618,२००२
34.30096,-10.924907,नगरप
16.625631,-30.641096,रहव
8.421923,-0.15545808,आठ
38.06914,-5.190094,़ं
-21.578917,-14.433971,तय
22.171312,24.309015,१८९३
10.389726,-13.466452,जड
6.538858,-14.295497,असहय
27.719482,-10.166173,इऑक
-8.719291,18.541542,हरल
-20.552279,4.4804244,खट
-20.997673,7.6996236,खपत
6.8510556,1.8562347,लमट
-25.250591,-5.1829915,जलध
20.328045,-12.872679,़ॉ
28.602667,15.589629,“%
-13.08066,-2.043329,उग
-27.504416,3.7341816,उपव
-23.600195,11.815236,सहक
-16.539127,-3.156895,खतरन
-29.665493,10.431561,हनद
-17.650276,-21.086466,दहन
-15.181095,-15.771606,मगर
46.93121,-13.254911,EPA
22.61338,24.094446,१९०६
50.78152,-11.497183,Clean
11.057084,-14.009565,एड
2.7270555,-2.1520293,सनक
30.679308,-12.079537,षव
-10.84706,-6.127374,रहकर
-1.7486144,-0.4303273,ओस
9.21206,-8.131249,नरहर
2.0560818,7.9532127,तह
-12.988837,9.663027,तरज
-13.944099,-17.713219,‎
32.145557,8.54523,५०
-15.486729,17.926712,ै-
15.773173,-1.3973417,िः
21.481995,4.2459593,10
35.42795,7.0563617,१९९६
-12.735598,7.1559234,भद
-18.643845,-17.957283,मतलब
24.529697,-1.1801758,ी)
-0.5778168,25.960066,जकत
24.85805,-11.941354,25
-18.266758,-12.690075,आपस
5.891806,1.822618,आघ
-34.154892,0.6480074,इण
41.471256,1.863232,रफल
-5.9008255,-3.3410115,फक
-11.695956,14.272453,उपद
32.430214,-13.984774,टट
27.375853,-9.866663,ऑक
47.02137,-9.650252,ओप
7.400166,-4.792421,सरद
21.237932,18.050121,15
-11.948008,-9.026246,आनन
2.279378,6.2109933,कच
-14.13992,14.505243,मभ
-12.32469,-17.741608,भल
-17.05428,14.452009,एकम
-9.409863,-8.966257,कद
-25.175255,-11.805012,महम
50.77895,-7.9604297,United
-28.766853,-10.016203,रबल
1.7255465,14.625237,बकव
-16.63385,-6.271775,्;
32.22327,-0.49041775,लश
-2.99408,31.599327,अवज
33.08591,-6.0792646,आपद
17.040632,-29.110336,सठ
39.115925,-0.6135037,१९४७
-16.948305,-3.8965442,वरद
22.460365,2.8468087,1998
-13.831474,-2.4142528,छन
1.2135047,23.317883,षज
-12.173254,-7.8327327,बचपन
41.133152,-0.41115186,१९७३
-6.1994815,25.232107,ईद
26.716421,2.6862962,11
-14.660173,-21.636599,बहस
-4.6260796,15.501767,तश
31.277567,14.312685,b
8.161129,6.6948977,अलव
1.2746289,-17.076956,नकल
-16.070173,-15.938706,आपन
-17.185751,-3.725628,असम
0.28948453,16.193542,रहस
-2.1653526,-21.791523,उपनगर
-0.4142139,7.977477,भवत
-13.669959,3.9679368,बसन
-11.801582,21.701355,णक
-10.623407,23.960087,छप
-10.934878,18.31273,अछ
10.639717,-8.261157,१८
25.959951,-9.3995905,२३
16.5082,1.8641589,1970
2.2179177,2.018516,यभ
-10.961353,8.84542,रणन
-13.728613,-20.98449,उपल
23.0904,5.097596,7
-11.657188,-20.654303,धमक
15.647838,-12.136158,१९८०
-15.852279,0.21555796,उक
40.759296,-1.6647885,ईड
48.072792,-0.96561193,New
24.981749,-0.2534181,):
-3.7509553,26.726542,ङ
11.979827,-12.552356,़ा-
4.16479,7.339401,चमक
-1.0977257,2.6752381,जनन
18.623468,-16.502975,एप
-3.2878232,22.157587,कलश
15.299339,-16.563364,धड
-14.72954,10.276341,शद
-29.136038,0.08193384,दभ
-20.741768,8.775051,तहत
0.27935126,6.8436613,नग
-2.4296038,-14.1587925,१९४२
-20.584103,8.53676,ऊर
-27.288456,-24.141603,तसर
28.667198,-4.6834826,मड
49.16232,-2.997761,Peace
-6.0401635,-6.3550105,उपग
4.8278346,-22.704927,नजफगढ
-10.889895,3.1531882,लल
0.14176705,-14.527008,नट
16.459957,-30.34248,अठ
19.302578,1.6758206,12
51.40089,-7.775968,Environmental
38.490166,-6.804113,environmental
13.998426,-18.70384,इनल
51.932472,-6.4891095,MTBE
31.187243,-13.985715,खनन
0.52497274,-10.935448,कमर
33.003014,-14.114894,समन
-0.95674324,11.062939,अष
-2.0348256,3.1608093,ठभ
3.333839,15.839343,अपह
-7.8242903,11.972281,छड
-9.878778,7.9759703,णस
44.739002,-10.465004,power
-6.0232916,-7.824168,षरत
42.591892,-1.5336183,–
1.7432024,-5.6231804,भत
-9.021042,5.4320765,"ों,"
15.206666,8.301104,१९६०
-23.135893,-6.9899693,दरब
-17.173307,12.021083,उपश
53.746384,-7.1085806,Martin
-24.030853,10.776905,पणन
37.517178,-12.141218,1990
10.952078,-18.115778,शनर
-59.839214,3.5372734,उगलन
11.560206,-1.0236344,जद
-23.1614,0.09922196,सश
-5.023319,-9.42737,लहर
19.621141,4.2467017,१९२२
-8.103541,17.97316,ऋष
53.777523,-7.1218705,King
29.785498,10.445858,4
-13.521034,16.78994,अनन
-19.339949,3.0694702,तद
-1.2053457,6.6334605,यग
-22.696913,6.0594954,जनभ
-10.25598,21.353813,सफदरज
47.042946,-9.610771,Indian
18.451324,5.8217177,14
51.883568,-3.18798,October
46.14268,-4.6645846,Khan
51.174805,-0.47996587,al
22.188179,24.307793,ऊथ
22.267927,24.264347,१९१४
48.071304,-0.965352,Delhi
45.79542,-13.220753,source
54.917435,-4.179159,Germany
-19.4776,7.4081054,तरद
32.50618,15.451763,"”,"
8.322311,-6.6236076,२०००
23.031885,-0.8787308,·
-14.179416,-9.616265,बदलत
-9.683041,-17.06497,टकर
19.861862,13.917557,१९३८
1.0020326,13.157258,सघ
-3.9312665,-13.3713045,रकर
21.239489,18.04494,50
-20.14501,-8.914645,बजर
-9.124844,26.443968,ईक
5.440259,28.376816,लख
18.054457,-9.53885,टब
-65.373764,3.5803416,ठगन
-27.521482,3.2100077,दमन
-20.19349,15.636852,गणत
-18.405918,-14.939094,नजर
3.3820918,11.002456,णकट
-14.239027,-27.36678,समझत
-7.804863,-7.960773,सहज
23.062159,0.9058812,सतह
-7.503843,-10.688716,उधर
-10.412778,-18.793932,इधर
-8.373487,-18.237322,..
18.312302,2.181164,31
-5.073442,1.809109,चलच
6.2609773,4.4073777,ञत
26.247698,8.103708,५००
2.4791381,0.42017266,उलट
15.343341,-18.134531,उनल
36.920105,-1.7961191,नहर
-64.30561,5.1365304,नख
-16.863491,0.6562497,घटक
19.754578,8.937649,२४
22.178858,-2.5061572,२००६
-12.868499,-11.853823,रहम
8.992041,-21.854137,षड
12.707021,-12.572986,़-
-12.14553,23.374332,जपथ
-0.34737065,5.598335,सग
3.0752249,-4.489726,आमत
25.35544,1.0482777,S
-17.566431,0.6501274,आभ
42.221077,2.5153284,लकमल
-5.8473907,-4.889139,सपन
-5.2144885,-4.930323,असल
-10.137263,-4.499604,कष
-16.271812,-2.0201519,ळ
-27.010202,1.649856,गहन
46.48916,-14.1636915,air
4.803765,8.412183,लट
46.987957,-7.438251,औ
15.312939,-29.111387,अट
13.8185835,-7.2249646,आफ
1.1762155,18.106289,ओल
-1.9366784,18.24565,पठ
33.167496,-5.2596626,ओज
5.673461,-1.4400593,बहर
-11.533239,-12.434931,असहमत
35.766335,1.241935,दहव
-2.2450202,8.124709,पवन
-21.782627,15.204655,यकल
-10.331305,-17.071438,सख
6.1169,-17.514153,नवर
-32.196373,-12.346238,गठब
4.3453093,14.2095995,जगमग
32.727566,9.527097,३२
-24.930317,13.216331,गदर
19.500538,13.303838,30
-14.5267725,0.8717069,वयन
-0.25324777,17.729961,डप
-26.727036,-23.88524,नरस
-12.564358,-11.482668,ढक
15.574253,-12.240828,ईट
32.80966,-14.131358,रवण
9.296829,-12.510468,खबर
-25.164421,-11.901114,तलत
-22.953722,-3.8362637,ईय
4.4294243,24.149412,महर
-16.524897,7.852154,घनत
1.7815899,-10.739896,कग
-1.2212387,2.7210572,औरत
-0.5748713,-11.988235,आजकल
50.72121,-6.8651614,Health
7.858649,-8.122444,कलकत
-15.000818,-7.106096,दनश
-6.378069,7.088112,नवत
14.643714,-18.060184,आयरल
8.298998,-3.0790622,गब
0.21595581,0.1858757,गफल
34.903183,-1.8664073,जज
-2.3798783,-22.004765,टप
35.695953,6.526448,९७
11.784732,21.188587,टरप
44.770767,-10.581207,nuclear
-9.320325,2.5616922,2006
16.56666,-28.678368,एक_स
21.646288,-10.604025,अपड
-3.8763845,8.256167,ा)
15.548878,-1.7093292,चट
5.5490093,-20.787588,सहन
-3.9531934,0.5630595,रबड
-10.057961,-21.614672,झस
34.184765,-0.70985603,इरव
46.556236,-13.90844,water
0.9758293,12.449686,अरक
0.086482726,16.331211,धप
-16.173084,-11.749841,ीं।
8.522651,24.476318,आइ
21.765163,4.8073106,000
-16.965454,-1.09998,"ो,"
-0.25150007,-15.3236265,अनशन
-6.0012684,14.36956,एवम
-9.837168,6.6502085,लहन
-10.888826,-9.776754,१९व
15.941891,-30.124647,उनत
-0.91165334,23.85898,गध
-17.773945,14.314807,गणर
9.449321,2.4085898,नगण
-21.197157,2.3768184,उभर
-16.704458,-17.454304,कलत
13.331537,-8.682582,पतल
47.309143,1.8129131,R
-60.897278,3.2420492,चकम
7.484157,16.305273,भरप
24.042904,4.4935846,ि:
10.397794,7.380205,बव
-15.904285,-6.138153,आरक
-0.9972756,19.072313,गभ
-17.961617,4.4893427,रवश
20.240755,-4.0193644,डच
17.100597,-1.1733416,ा/
-18.753653,9.168058,इसन
-15.0519705,13.1803665,अकर
-15.5353365,-12.513909,ैं?
40.776768,-0.8894743,२००३
-17.031084,16.747932,१२००
-20.453632,-11.207676,खभ
51.10411,-0.42609876,Ibn
-61.72378,0.25099877,गलख
40.822823,-11.568209,65
50.61603,0.036300298,ibn
-5.773259,3.825186,सकर
-3.37204,6.867646,जश
53.71955,-7.0997086,Luther
10.831865,2.207444,नयपत
-13.204359,22.798716,उतरन
-2.964768,-8.867635,१९२४
-20.399874,8.419838,बजट
44.915836,-13.513276,soil
40.075043,-6.0975556,Institute
-63.029552,3.9756281,पप
2.9043012,-10.688951,१९१८
-19.151838,13.856636,१९११
-3.88538,-5.923825,गह
47.030037,-9.609982,Opinion
32.576138,-13.312432,१९७८
37.057896,-3.9498856,ओक
45.115814,-9.08764,इनर
1.7935863,22.575808,पज
9.353674,6.3803477,भटकन
2.8041394,-0.4891438,ओम
-20.819798,10.184916,१९५०
44.87422,-0.00816004,Hindu
15.859004,20.86352,१९४४
49.860897,-11.330615,Noise
32.877728,8.522191,२८
40.831074,-5.439176,partition
-23.976686,-5.4181437,भरभ
17.0956,5.030245,आशय
32.071922,3.363119,a
-8.0904045,-14.669169,भयभ
-16.775196,-9.354822,टलर
17.738115,10.294904,१९१५
-27.906212,21.316193,थज
-8.514532,8.082796,यसन
30.393717,3.890118,com
5.1090455,11.256721,रष
2.9585664,-14.413058,पगड
5.6385646,13.132228,उब
15.479834,-30.261835,इकत
-14.138179,8.75323,मनम
-8.524562,-5.90409,बख
16.451065,-28.484556,_स
-14.844768,-2.8127956,दण
-19.750809,-3.3039587,सरजन
42.340965,1.2797321,1952
0.4455821,0.6808708,फन
32.830173,-2.6854787,मछल
27.830864,-0.6253473,२००८
-10.394362,-10.830461,इसव
-22.096577,19.697994,३६०
49.04685,-2.8854446,Prize
-10.891646,30.168379,मढ
44.08142,-7.3982286,web
15.648038,-29.95463,छब
-13.272519,-6.26864,13
7.8475313,3.962244,शग
9.928325,-14.640007,ओड
-12.723517,22.643349,धगय
-3.778711,5.356953,आपर
53.763817,-7.1248045,Jr
26.874493,1.700218,+
-6.924097,0.69373494,परस
8.515613,24.4708,अलबर
31.872,4.6557083,C
-8.152498,9.60228,वतम
-14.180912,-4.6585402,वरन
40.129276,-8.697605,emissions
-7.819321,-13.085088,घबर
-4.765866,-16.023064,ॊ
21.1231,5.8943315,मट
45.31854,-8.934136,oil
-3.4346213,-1.6224945,बकर
39.83066,-15.373169,Satyagraha
44.55407,-14.382012,eutrophication
24.452618,8.525549,१६व
0.7487656,1.1660708,बट
3.4914703,15.083085,अवनत
50.080143,-10.910466,Water
22.005014,-5.1582804,60
5.2526846,-22.173748,मगढ
15.835967,-5.111342,१९३१
11.324401,-12.491982,अरगव
4.8165565,-16.00662,महब
27.809317,5.357111,११
44.68898,-6.3738284,India
-0.44059497,2.3502305,अमल
54.865158,-4.052566,Jews
51.21949,-0.52627766,Al
36.48951,0.4024868,१८५८
17.53966,0.41601336,ू.
28.717682,-7.37863,१९३९
54.895382,-3.8332818,persecution
34.053627,2.4772284,8
31.987347,8.285139,२५
1.8128358,-14.171373,चरख
7.0949244,13.779192,_ह
-14.449321,11.915882,रकल
29.842133,-1.3178263,9
14.330291,-1.1324629,टशब
-9.23187,-12.640871,बढत
9.7640085,17.572048,आगमन
-14.501216,-21.514326,कथन
15.785043,-6.2968874,तनत
15.022338,-5.514334,थस
-20.125633,1.091115,णव
-12.015865,0.42628738,फलस
3.7358,6.4533052,जकड
10.121959,6.0653996,जमन
22.10971,6.4759207,एफ
43.459,-8.8053255,or
14.46626,2.5164683,2001
31.901245,-5.050374,अण
39.69045,-16.38151,21
-2.8432817,-11.379747,उठत
-8.055441,-13.63596,उतर
4.3515453,-9.840264,इनस
12.891464,-10.335149,यच
32.193054,14.378642,</
-9.999562,-14.26667,नसभ
-0.065317325,2.5255346,बध
-9.713003,8.274975,चमत
11.804625,-7.8140492,चकर
7.5020604,2.0857744,ऊलजल
38.335552,-10.367508,१९७०
-6.904508,7.36987,वग
1.9399655,15.780779,फट
6.0806894,10.317896,दप
6.812141,-6.860138,आब
27.168722,10.684075,{
22.144955,-12.144842,"),"
1.1235765,16.898838,टस
-26.099382,-19.115322,भरन
-17.934969,-5.3742433,६०
8.970748,6.8969836,झट
3.4510622,10.74322,उष
47.318,1.8114463,B
0.8223976,3.12352,यकरण
-5.082941,1.7293813,औपच
-8.094607,-11.579459,उठन
13.655776,9.937149,[
-1.2930784,24.571182,थश
-22.324099,0.8702842,परव
-12.915149,3.8235085,बचन
-11.846712,5.6593547,मजद
1.1314563,18.073114,जलम
-5.5684443,13.790482,करश
24.148758,-6.4565206,ऑपर
-28.398916,-16.970764,Chrome
-7.404679,-27.203957,भगत
-6.154544,-3.455924,जरन
17.10004,-2.4844403,तयश
-16.450079,-20.057066,ैं-
3.5885937,0.0529729,असभ
-9.610488,16.657091,वशक
-59.64465,1.6999515,उट
34.845604,5.79415,८१
1.4059871,0.33337513,अपहरण
-11.4902115,-1.4641702,२०१०
-9.305447,15.186732,यटक
0.78575057,5.8844447,शप
50.437706,-6.560805,and
3.6460812,1.0968103,अचल
3.5574603,-1.0174202,कज
-12.929687,-4.402175,१४
-2.7161078,11.964986,मथ
21.470203,-0.14941207,१९७९
1.8686448,-7.878264,७०
-6.6712327,-7.0091057,आच
10.581056,-7.9535336,1979
14.670024,0.5968366,सबर
17.006027,-3.0219715,एट
-1.649847,16.313856,षयक
-5.6443987,8.758009,फलक
-2.5528867,1.8513337,दफ
-2.4299405,-7.12079,"ि,"
-7.417781,-13.141971,2000
47.34682,-3.7987688,१९९५
4.80579,20.153013,फलत
0.31321713,-0.78106517,धब
8.003148,7.5198307,बरम
13.363014,3.2137558,तरल
1.7380816,11.808501,लनस
29.35851,6.110705,९०
4.5834365,6.3909116,डगमग
-65.05373,4.557767,थकन
1.8645431,-0.10078446,हटन
31.221529,10.802289,(%
-65.23773,1.328432,उछल
32.45565,4.425586,D
50.219597,-8.295254,National
-1.4008806,17.32869,उपक
-4.809891,7.223796,झलक
-4.7179365,8.62288,अजरब
18.729322,-2.3721757,रशर
-11.859058,21.510529,मकर
19.306469,-9.184239,झर
16.885101,-8.205306,औल
-11.677673,1.0936916,तनश
-21.047285,11.031426,रपर
-14.675137,6.6525817,100
32.9396,14.505215,url
-18.7895,12.166251,200
-14.021827,21.740294,चतम
5.6225343,-20.424658,खज
40.807243,-10.019763,disease
33.02023,-5.2792683,चकत
32.778164,14.57203,list
-14.762213,-5.535315,सरण
35.215267,-0.79801244,अहमद
21.908829,-10.285166,&
33.86181,-10.720208,रणय
-1.869395,-6.0014324,असमर
32.90739,14.460474,link
-62.875668,1.2096673,उढ
-11.854666,7.01287,उभरन
-0.53162503,-5.8102417,सशस
-17.087505,-0.31000447,इनप
6.504291,0.20205502,ा”
-15.09776,-1.4885677,बरत
43.7365,-1.3456616,१९
-61.769947,0.36895445,बघ
40.14729,1.6499567,IV
13.943656,-10.774252,यट
8.538117,9.055375,समबर
-2.4031296,1.426237,लझ
28.788523,-3.119488,रदय
30.496521,-4.266765,आईप
36.06095,3.3697493,२६
7.5596642,-2.3146863,चटपट
48.544537,-6.342209,International
-9.689349,-4.8377767,धकर
-20.856878,-3.224884,मशह
6.1153107,7.7879148,तगत
2.448459,-17.809341,1944
-11.633378,-1.3293691,े?
10.14551,12.45333,णपत
15.820198,20.867813,२२
9.587038,6.590612,गलन
49.87839,-11.194316,Control
20.800152,-2.6070976,सवर
12.1586485,10.838441,उपब
-17.076128,10.373923,पतन
0.7206112,-6.5305333,ईन
1.934974,-16.070013,1969
-7.6150284,3.696041,यवर
-6.1784787,10.187715,औपन
-3.0985637,-16.424196,कसभ
-4.4532685,-6.4405007,टग
14.091507,-9.82897,लपर
-0.80936027,4.2114534,ठत
-10.741707,-16.73086,सकल
-5.359463,-11.871134,धद
-58.620716,2.993735,धरण
19.48843,13.467026,नवम
-2.8774536,-0.363817,आमदन
0.337544,4.284732,सकन
-0.75931555,-5.837003,मरक
-5.634274,0.48292047,अमरत
5.4404573,-3.5777595,एकतरफ
10.43341,8.174882,परखन
-1.5850966,9.577263,करद
-2.662849,-1.9060395,णतय
-8.281335,6.5493402,चस
39.764874,-15.926518,1950
31.800873,-7.224893,१९९४
-0.78240126,0.7240948,अलस
15.2814865,-3.5453985,ऐक
49.028484,-7.3935976,Nations
25.226574,5.9194074,१९९१
3.1622465,13.436302,यतम
12.340519,-8.005748,ॅ
-9.01247,-13.686238,उसपर
50.694824,-7.3578243,States
-0.15689498,13.829854,णब
28.856222,10.039565,́
-8.769672,3.787926,40
-5.6714106,-11.23897,"ूँ,"
22.7408,-10.851625,पब
-5.0368447,7.089577,मतद
21.173836,-8.012155,1946
2.298297,12.522452,मननश
41.593655,-7.944312,coal
4.89143,-13.821459,१५००
24.389563,-12.101276,ऑड
-6.448717,-6.624623,ै?
4.0507746,-15.956548,1963
-62.663425,2.2123582,पटकन
21.450193,0.17294179,परत
-62.695797,4.477469,दहल
-59.6528,0.69844323,उघटन
-3.7634182,-7.0707245,रसव
2.8449671,9.100637,अवसरव
17.419249,-10.1464815,नवन
48.841686,-11.695092,dispersion
18.03963,7.1737156,1948
42.487503,-11.093202,Kyoto
49.17478,-11.672369,atmospheric
1.3495766,3.6748116,शरण
-9.975509,3.4184086,मकरण
15.30391,6.997632,५५
42.530567,-11.060162,Protocol
8.740832,0.19778988,रपन
-6.854825,21.07502,सतसई
31.892143,-5.1971445,मलब
14.41952,26.261187,सऋ
-6.1854844,20.41574,बरव
49.73974,-5.747707,allelopathy
44.379463,-7.267029,१९७५
52.74944,-4.7927146,Aung
39.79116,-16.26226,~
50.4497,-5.1916614,Allahabad
31.644617,-1.1501849,१९८९
45.88419,-2.1610563,Mahadev
3.9513772,-2.002904,मञ
4.818041,-0.19262727,तहस
-1.9718217,7.84969,ो.
-59.089943,4.0241,पग
14.882142,12.26976,नहछ
14.877372,12.276911,मलल
50.52927,-5.2587442,at
52.804775,-4.7451105,Kyi
27.619295,7.006273,८५
39.43282,-11.475665,HVAC
52.778503,-4.734836,Suu
45.979355,-2.2084587,Desai
40.878685,-7.019245,Ages
7.922554,-9.013462,रखव
0.6236082,-2.0445504,जपर
-9.0677595,-7.7344866,बटन
41.349525,-6.727766,chlorinated
52.758553,-4.7615333,San
50.03263,-6.705115,heavy
50.016113,-6.627715,metals
44.535084,-4.788512,environment
-11.626131,28.708836,सहरस
-63.85359,4.583511,भटन
43.46441,-8.885432,Pietermaritzburg
12.140556,-3.5045266,एथ
50.53174,-5.171085,Sangam
7.611971,6.6633315,लरस
2.3558638,10.712073,गदगद
45.226078,-2.7963915,The
51.032795,-6.2902293,herbicides
42.935493,2.0162868,Parda
39.961514,-8.808806,automobile
-28.221699,-17.036488,Google
6.8367248,5.7928057,चप
-12.774637,20.94564,जलभ
38.427288,-6.6500416,movement
42.650124,-7.582205,Square
38.338207,-2.0983725,ahimsa
19.591734,-0.021546382,̈
4.1684113,-0.1174916,हठ
1.6917025,0.8445437,जमहल
39.022823,-8.835495,radiation
-62.75641,-0.6104437,तपन
32.582447,14.45214,item
1.9689567,-17.487967,28000
40.497437,1.5494932,११२
-10.947305,-0.83718616,झन
4.211101,11.901129,धमध
7.6862125,5.457849,अमलत
40.05355,-2.8380527,University
39.707653,-1.5991045,२००५
9.221332,4.911121,मरहम
10.237006,-10.987975,झनक
42.662537,-12.483382,solid
1.1506007,20.472004,षरध
37.515312,1.0231289,1964
45.573036,-12.811227,point
1.4157795,-2.1396527,मघ
45.840626,-13.286763,nonpoint
18.54667,-8.652265,बइय
-9.101378,-4.870211,षब
-2.0346496,21.347319,समत
11.404096,2.4480505,हण
4.888218,-13.807014,११००
10.1423645,7.778655,फटन
10.265588,6.6997085,कफ
-62.744137,0.9007329,अरहर
-5.88957,-13.138002,ीं.
-4.4692864,5.0947237,रजनन
39.813507,-2.69051,London
-6.728236,-2.280429,लहस
16.472767,-30.217535,ईसव
-10.553615,-4.7464986,दरम
38.740574,-0.8435524,१६२८
6.840853,-21.889332,सगढ
-2.6502752,14.088217,॥
34.179348,0.6975838,१९४६
-13.269906,24.100306,करख
5.216924,3.260868,असत
40.447475,0.33649558,Harijan
44.271385,-5.537132,smog
14.887885,-8.894799,अथ
51.360954,-5.9546385,DENIP
16.471737,5.6787367,जनरल
36.55514,-6.7234235,Time
-64.05787,2.772706,पहलव
38.554237,-8.30439,fuel
35.905224,-3.8807545,blog
33.32503,-7.2638917,UNFCCC
42.10497,-5.8213425,Greece
31.544994,-5.9747987,अरस
48.623535,-5.541759,Montesquieu
37.369892,-4.4757595,Lake
34.24055,4.3940134,सटन
27.432703,-5.7320633,1924
-61.564625,2.2225828,नवय
-2.612591,-7.2567105,अनज
10.193426,1.0222981,३००
-2.6861486,-3.1656456,कटत
42.133663,-9.367772,John
-7.5112147,-20.27037,उध
45.52267,-2.9168568,Lama
-18.758244,2.8234408,शज
45.51794,-2.8231401,Dalai
50.38916,-6.170533,Non
-5.440134,6.3575425,१८५३
-11.538032,28.461905,छपर
41.664482,-7.6071696,carbon
-8.940119,-0.87435836,अफग
-0.8131901,-2.5545042,१९२८
-4.3486214,17.563671,हदर
47.27726,1.8138027,Ambedkar
45.91816,-6.3457828,एडवर
-3.8046343,-12.398013,१९३२
9.637407,17.576714,२९
45.351265,-6.390988,Lord
46.047264,-6.3136983,Edward
46.82586,-4.9689736,Irwin
-11.039215,-5.0279117,लपक
47.14141,-3.413183,May
-6.871984,9.043489,१९२१
43.252533,-2.7988267,Great
43.362614,-2.9850404,Smog
20.983377,-8.391773,अनम
15.520566,-10.000586,सऊद
17.199083,-3.0170894,कसम
42.627224,0.5459384,सफर
8.567496,6.609404,घरघर
42.86079,-6.402657,Colorado
0.9644973,2.6404617,दद
-5.7793665,17.477308,शश
6.8126473,8.443003,रहर
40.196293,-6.090983,Blacksmith
34.962467,-5.0850787,pH
4.5446005,-0.67052716,गलक
25.056679,4.168932,i
-61.991367,1.1786494,सलन
-6.8330054,-9.421947,इसपर
-6.659373,5.7770805,षप
40.595688,-7.8631983,trading
-2.876914,12.757471,गक
49.54696,-6.137271,Day
41.489067,2.1257255,1957
43.4702,-5.9387226,PVC
26.588001,-2.4204578,city
6.9455523,-1.4254014,जलप
12.040324,2.5318046,भट
45.993816,-4.5759354,Aga
6.4952374,3.2549567,नपत
29.588804,-5.3927417,contaminant
45.116077,-9.015445,refineries
-6.337235,-12.005299,बदतर
5.487362,14.940653,वसम
43.267105,-10.55999,petrochemical
-2.7467055,10.567435,चह
4.757114,-11.104926,पटनद
13.643941,9.932209,]
-2.9450283,-13.516505,जरत
-2.930883,-5.2554283,ै...
24.394081,-13.261562,इकन
-4.91134,-3.7599883,ै”
-20.02503,-8.922583,गबल
42.01895,-3.067543,Mahatma
-13.722639,-2.025145,ईफ
-6.103508,-11.9941435,डरत
-3.7323337,-15.425472,अवयव
-16.24438,17.324423,१७५
-1.2691958,7.379148,चमद
-18.620636,12.405374,रदत
-5.8483944,25.052673,दशहर
41.532032,-3.0935895,anarchist
-62.753185,4.380244,मकन
1.98664,-16.350569,खण
10.361206,12.860941,बरमत
43.135006,-7.3267207,मदर
-10.225853,-10.80228,यटन
31.85636,0.043346625,१८व
44.847107,-0.030126153,Mahasabha
-8.030661,-11.098722,समझकर
-3.0637395,-28.270609,१९३६
39.82867,-7.3041205,countries
35.827168,-1.8045717,_
34.378242,-5.3044376,biodiversity
39.90771,-7.37392,developing
-11.914975,25.044254,ओद
10.563732,-2.2692683,ेः
-4.3082657,-0.7207715,ऑनल
-22.820692,-11.782204,सहगल
23.96212,-8.627512,टरव
7.6030707,1.2298672,बदब
-13.064784,-3.7233045,बलप
6.444238,-2.2967956,पथर
-9.9341135,-7.30413,URL
-4.1347203,0.25793603,आचरण
-0.6378175,4.033181,२००
5.801642,7.638191,इथ
-62.598286,2.7319298,षणत
-60.148586,0.7739609,बरगद
41.76059,-1.8888975,१७
35.945084,6.261423,९६
3.173796,-12.374403,षजनक
-7.2344294,-7.8529563,झटक
9.574135,-5.038817,पपड
4.6935678,12.866057,मटम
-65.330536,2.7354786,खरब
31.985233,13.729576,=“
0.54451877,13.196417,रर
-1.3284543,17.412455,ढल
44.51221,-2.6549182,एमब
10.15617,7.511999,रमज
-3.6973069,-4.085326,एकदम
3.7921548,13.068268,यशस
3.3268712,-8.337065,हफ
3.7131615,9.718772,खटमल
5.149298,10.049551,मझ
7.3532157,-7.2568965,नकद
4.866048,1.1182736,छद
9.032176,-2.0057964,गरम
5.449538,12.311957,मसल
11.819989,-1.2389462,आयत
39.738495,-16.224577,27
-4.2204027,-3.763371,ुः
27.11336,6.162804,$
-14.774602,2.991882,घक
2.2731054,-10.51237,झगड
3.865115,5.63085,सय
41.5525,-4.8357763,ऍफ
-61.023388,4.265158,लथ
2.7118332,-6.3708277,2003
3.0038717,-6.4207296,2005
-14.329662,12.916036,पदस
13.139767,-1.7594181,तबर
-1.9251076,-15.95425,दनपत
4.3635325,-10.9619465,हरम
19.224712,-3.7343888,ॅा
37.87291,-2.6792374,इपर
9.558931,7.216215,झल
-4.4635077,14.063509,फलन
43.223343,-3.9710875,to
1.1594177,-9.409546,सपर
-64.4886,3.2547133,डरव
-63.137447,0.2811693,इतर
21.621061,2.4383123,छलक
21.934834,-2.3604813,सटर
-5.2370343,-1.5963292,ओवर
-5.357127,6.812504,2012
14.074578,-1.4163383,रपट
-1.4636787,5.1822324,सउद
-0.14348543,-7.768416,हश
-8.335175,-13.060485,कहकर
-11.056853,-8.135385,टहलन
14.372004,-2.671243,पटल
-12.949491,4.70854,फ़र
4.266004,-9.075883,लपत
-1.6700957,0.79696244,घटत
0.50546336,-3.9246988,धरन
-63.29425,3.5228267,हगन
13.972825,-3.7040102,मसलन
-0.81436723,-1.1356823,वरक
27.964275,4.0572815,८०
-65.83295,2.0259304,लसन
14.107963,-9.977969,रड
9.078513,2.486121,थप
9.292718,7.939617,थड
-11.525414,-2.9126186,जहर
1.4754653,-1.0319122,ऊब
41.737522,1.8363224,बदन
14.451932,26.212547,कऋ
-63.246872,5.2592287,नभ
-8.09842,15.189636,उदयप
-8.456619,-7.8528895,ूँ.
25.243238,1.4752387,F
-16.039833,-7.9027123,भप
42.8145,-9.278639,डफ
22.714725,-11.117474,एशन
-2.0582626,-4.786938,ें...
17.303293,3.211062,चलकर
-0.73700535,-13.938467,ढन
12.960956,-4.1799192,औज
39.182686,-4.1328506,अटल
50.017235,-4.2727942,California
31.891327,13.529934,”>
-62.38676,2.8225725,नरक
-60.947044,4.0007586,कवच
23.217838,-0.64580965,Giver
17.855694,-3.7929087,TV
-63.16735,2.1510274,सकपक
-1.4809994,-3.2005823,वयस
10.059281,7.3075094,चब
10.867197,8.164328,अटक
7.5420423,6.54835,पनड
-61.04476,-0.77438384,उकस
8.172342,7.4489555,उख
38.107464,-4.1537156,१९८७
20.682959,1.2474325,े)
0.81042314,-13.319435,तकल
-63.99378,1.1367968,अशब
32.5129,14.176358,}</
-62.451275,3.3556187,ललक
32.702072,5.0553885,ISBN
20.175383,-2.4081705,ी॰
-59.63102,4.9433928,टई
9.037232,7.724486,पछ
4.4516582,3.6899421,तख
-61.393505,-0.12612675,जलस
25.87474,3.4212568,२२४
-63.55578,5.461318,झपक
-62.419426,6.1529217,खपन
-61.512585,-0.8808448,ईग
-64.520096,0.433088,नड
15.946601,-0.096176535,एब
25.05351,1.2820591,)...
24.17238,6.6270494,p
-64.409256,-0.08285262,कसमस
10.61704,6.763984,आनर
-64.50107,1.7505884,घस
24.102383,0.8821904,).
-59.62904,4.0629754,रदनक
25.101555,1.4350712,U
18.438498,0.039025813,ें)
0.24386832,0.114856265,आकस
1.4039925,7.4422507,ववर
-62.072647,2.4571204,खलन
-61.455345,2.292688,हरन
-1.4456803,-5.823589,टवर
8.774193,6.0295954,ठल
16.087515,-2.8690002,इफ
-59.44166,1.6304983,टसर
-1.1339804,-2.0119224,ओब
-7.828009,-16.586668,ै|
12.871792,-1.7561857,ऑर
33.83838,-2.283892,1992
24.519754,3.2385967,o
-8.044449,0.15144733,अकसर
15.577365,-8.303581,1978
14.747364,4.218811,II
27.810318,-0.81818837,2004
-12.046437,10.046092,जनग
-8.350733,-6.179324,पगल
0.92279065,9.1474495,गमत
-8.873739,2.7899563,46
29.277065,-4.7807035,जलत
2.067695,2.7978926,रसर
-10.151416,9.032392,थग
-4.2066116,26.56566,गवत
18.229156,-7.54422,हमक
-8.405061,2.866414,१९८५
28.242716,-1.6535056,पकत
0.62606525,14.528477,दयग
34.169987,-3.7331057,96
13.406982,14.073527,जनम
-5.9763126,-8.123514,1989
-15.886823,-11.588262,शकश
9.038838,-1.7697707,दरह
-6.703732,-2.3802104,चटन
9.117349,-1.0940175,सतरह
-4.0898457,-10.647151,दशमलव
-9.637826,28.341396,खप
13.244945,-28.853645,अठहत
10.768172,-13.116623,अकड
36.108353,-1.6890529,1954
1.0832962,20.432898,कमल
-7.514805,-4.8930545,डहर
-0.71213406,23.59037,अधपक
-3.0360856,-8.650542,जनमत
2.5629957,-3.478484,दसव
9.210342,-1.0987202,लहव
-15.8228245,-4.9232645,141
-8.546025,-17.371674,हमस
16.757565,-7.481539,बलर
2.4398062,-9.826598,टभ
-1.7545482,6.271226,यरत
-17.808784,12.995496,वतन
-8.385279,-1.134226,बनकर
10.248407,-12.799795,मख
-1.5073588,4.3596506,वरणव
-7.905135,0.5993625,बदलकर
1.2557976,-5.154296,णम
-6.1697755,4.5679617,पहनकर
7.8329706,-7.5770297,तरन
2.633277,-14.698365,़ी-
16.31631,8.435216,१९७१
36.10114,-1.8115438,रगमन
12.939535,3.6394138,एत
4.6028934,-6.933603,नजद
-0.62353,-12.008243,एकवचन
39.298878,-1.1834403,1947
-3.341683,3.718063,सरलत
-5.807168,-9.2446995,ठस
-2.815716,9.965116,इकल
-14.472463,-1.8827318,भवतय
-1.807271,-16.077045,एकज
-2.9457767,9.899932,अभय
1.6624587,12.995106,अरगल
50.01631,-4.3375125,Office
8.3161955,-2.9265356,धल
1.8653169,14.7557745,षट
33.173637,-2.7121198,१९७४
-5.953967,25.17884,परब
6.100071,2.000064,त_वर
2.0700772,-6.013077,बजन
-10.140924,4.569178,आइटम
8.71945,4.4723277,भटक
3.5179753,18.5294,ल_कल
38.298393,0.9815815,एहस
-16.583286,4.7878222,पलब
12.856035,-4.2737913,एनस
-12.973131,24.008709,जयप
4.876451,9.6343,अपठन
1.3017176,13.207725,रगम
-4.316254,-7.615416,नजनक
-13.220556,-4.579938,अधर
8.317442,6.964307,असह
7.5249453,11.552721,घल
1.0480851,-2.818285,दरत
9.521961,0.67303526,१८५
0.18204916,16.50788,यमह
5.801616,9.347006,आड
4.281566,8.661848,जनश
3.7818074,10.201201,बतरस
-7.4035296,-3.3394623,झपट
1.536005,16.045895,बरप
1.8937587,16.953447,_फ
2.6016092,-1.862097,नफ
5.1823673,3.8236415,कलव
42.130344,-6.7329307,roadway
5.3511624,-21.446981,भजन
25.955902,10.972226,PRODUCT_NAME
-6.5261493,2.2147605,तजन
-62.14283,5.241802,मचकन
2.8613298,-12.069093,रखर
14.481785,26.024654,जऋ
17.423758,17.433512,1995
-64.19921,3.584243,भलन
39.279633,-9.905386,organic
31.963528,-6.1966357,१९८४
15.066198,5.322636,१४व
-0.5553845,-8.028003,बढन
20.210371,5.403943,सचम
17.78027,-9.814818,दज
30.983019,3.521789,@
-3.9232402,-2.0570273,उदह
-2.8976498,-13.506394,1951
-10.003238,-2.2399948,GTG
16.40579,-11.204018,कबड
-7.6975017,0.61480635,ै)
-61.692616,1.2964545,उलटन
40.93769,-4.089072,Service
43.92455,-4.6656795,Best
50.425453,-5.719792,Protection
32.355385,13.990106,>{
-60.77659,2.5532303,अनव
44.098045,-4.6610804,Available
32.348637,-8.920831,greenhouse
43.274414,-4.377135,on
34.064663,-9.143601,१८९५
16.514973,-6.1958337,मदन
-9.8941555,0.79995435,धरत
21.052105,5.653816,Hamachi
0.40285262,-7.7496357,सरह
15.956474,-5.728816,जयद
-59.512775,4.1699276,चमकन
-61.332317,4.942104,पकन
37.66194,-3.2223983,हडसन
33.20596,4.811079,%(
-11.702121,-0.23584026,ऐश
13.0477085,-6.536425,बजल
-8.423963,2.9907517,यवश
4.4769545,-7.2661505,रखण
16.049494,-2.6967635,गवर
-58.760292,1.6917467,ढहन
3.2929327,2.6500497,कमन
-17.712204,10.294365,१०००००
-12.233547,0.020755429,हलचल
17.981842,-5.8078585,हय
-11.969283,9.50642,आयस
26.133677,2.3168983,=
-13.747057,22.353928,मनद
-5.940831,-0.70384824,मनवम
1.7012101,-14.018261,1935
32.08579,-6.727926,यसर
17.04017,2.747432,1940
30.293846,2.3469832,51
14.447384,26.14006,उतऋ
-8.134269,1.5774171,1857
-8.567992,-3.470282,करज
23.751549,-0.18910588,t
40.07178,-1.7665613,James
-64.60987,2.0501242,यख
-2.8032525,-16.736185,महफ
34.911514,-0.037506554,गफ
33.828613,-10.637376,भण
-7.909432,-10.874448,उगत
-2.0404098,-4.6310477,ें:
36.21827,-0.46466768,1962
23.917425,0.0077223876,L
10.145758,-4.0648165,़िं
-2.2111075,6.462123,२०२०
40.311348,1.4535707,III
18.419527,-2.2171745,रखप
0.9280714,-12.85487,ओग
25.27354,2.537086,(&
28.822544,10.0028715,̨
-25.19856,-2.3098683,१९३४
19.61213,-0.21052654,}”
21.337952,6.4244604,ा;
-5.6861887,-11.750553,"ीं,"
19.525488,-3.5459614,आउटप
42.023796,-5.01964,१९६५
20.54491,6.358527,ैं:
-6.2179327,-10.1590185,वनक
-11.376081,28.459587,अरर
13.539271,5.684536,ै:
26.229868,10.900715,END_BOLD
-0.4675431,-7.896142,ों-
26.421608,10.880369,BEGIN_BOLD
41.633186,-4.3904033,Community
18.873608,-8.449398,रसमण
0.7698125,-5.3974648,ईच
-16.947285,10.331373,उदय
-9.941418,-5.3451004,नरग
18.123295,6.4798164,19
-0.46995482,-4.5795245,सघन
10.095323,8.067628,तघ
50.33547,-5.614959,Agency
-9.898661,8.670078,धन_ल
15.46038,-29.73669,उनच
13.251743,-28.897663,पचहत
-0.10526424,0.36486045,उछ
-1.358297,-9.36598,१९३७
-61.845516,6.1224985,फफ
-62.023533,5.318499,गभग
22.73612,-11.110151,"ी),"
-0.7414202,7.325505,नपर
22.474796,-11.383424,एफ़
4.9318013,10.461826,टण
16.473198,-4.1290708,डब
2.4213655,14.021093,मरद
-1.4307075,-1.8803582,ि)
5.300868,-1.8333298,नखर
-0.8033879,9.365201,नमन
-64.936005,4.692615,दफन
27.870127,5.385078,६५
-10.347469,-0.7694647,औसतन
-0.3327021,1.1244009,उपम
39.09989,-9.95838,Radioactive
37.243305,-3.1662645,२४८
-3.3420367,6.01455,७९
19.707458,3.9208705,३८
30.914488,-3.0234954,लटन
-63.591667,0.5836763,ठम
-10.039955,-11.5662565,३१
-13.768849,-3.4291363,भरम
0.5657677,1.0567093,सहभ
28.418224,6.8827243,८२
14.469339,-13.718118,55
49.839737,-8.53679,Policy
-2.7974033,12.714012,चयक
-61.49148,4.885444,कटहल
-1.566883,1.577147,रगर
-63.03086,-1.232286,रहप
9.435513,0.7083698,३२५
6.0530233,3.6372976,ओन
9.052952,-1.9481584,छहग
6.39014,5.1149955,अनध
-0.10107926,5.1052074,अवच
6.574053,7.0492563,अपस
8.309806,7.728397,मडग
3.5291436,5.32467,गगनच
-0.43438724,1.6241752,अवह
-61.620007,3.2615867,अनभ
6.1160455,6.72213,अवरक
27.673315,6.9272814,०२
-63.50741,4.165999,हरस
-59.45082,2.8238473,झटपट
7.1643167,6.4342284,आइसल
-3.3320248,2.6825068,२२०
7.6540194,8.724739,इतरल
-14.523298,0.6006962,१८०७
21.619951,4.88514,एकड
36.996384,-3.086996,४००
4.832415,10.364279,अकल
16.110659,7.036857,९९
2.9752395,7.2176943,भवस
6.646849,5.0389194,आबन
29.828695,-2.633873,९८
-60.602962,5.4439874,चकव
-0.8952897,-0.5236478,षग
1.6718935,5.0880246,पठन
8.644867,5.139026,धमन
27.515676,6.9709606,४७
27.95388,4.070709,१३७
-60.424923,0.107453205,कमरब
8.519853,5.522353,सहल
0.3601043,1.9360605,इटल
24.33688,-6.3157167,Mission
0.4782697,-0.29303718,खब
-13.540184,-1.3518513,रकरण
4.1201696,3.7953875,बरब
9.627652,7.434579,पदक
11.003659,7.028665,जगन
-9.272069,1.837949,जयनगर
13.591759,-4.7983866,१९९२
-18.949594,0.21697298,ज़र
4.9564548,4.8669314,इटर
-3.9334817,0.9205121,"ू,"
-63.129215,1.1838406,दरल
-8.416511,5.7724266,बड़
-3.1855688,0.5225271,ं-
-60.690613,3.2832277,मरमर
-62.142345,4.1739926,ँ-
1.4639353,1.9962722,पचय
43.28526,-3.821582,26
-2.2349055,-2.969183,रवक
-59.56725,0.015412858,आगमज
-63.224037,2.7179532,षणकर
-6.444156,-5.7948427,षनर
-5.9937644,8.924482,णप
-1.9902965,-1.0186453,१८८८
32.26533,-9.450113,तरप
10.143182,6.2751484,ठग
-61.343884,1.1151106,तनव
4.9133053,5.181857,ऋग
34.607864,5.1115913,१३८
-16.120268,2.4876666,1999
26.711706,-2.3243747,carcinogen
-62.639618,-0.4689059,बटम
0.234838,-14.805455,1997
1.2773172,1.9969382,घम
40.480324,-4.183979,national
10.796497,16.15918,35
10.788701,16.011763,45
42.294914,-5.766881,गपशप
35.4607,-7.3261676,शमन
35.81682,-6.8578963,use
-25.301619,-2.517916,एकर
-65.22604,2.812184,पटपट
30.539042,3.793017,www
-5.706899,-0.0044037574,५००००
-60.38788,1.7302463,बहक
2.584391,9.062495,अहमदनगर
0.9279756,4.8260384,तचर
33.06901,-7.0610003,1996
36.10514,-3.4678369,ऑल
-64.917015,1.261164,षरण
0.2772722,4.851366,आवर
20.655071,1.4545429,१९६४
41.841675,-3.6677773,१९०२
-59.721386,0.7554295,बदनन
-60.48955,2.6881876,चश
34.312225,4.528058,X
27.485088,-5.601429,24
-60.87549,0.35095572,तरलत
-3.6971073,9.618625,जख
8.856216,8.005227,परच
-6.5601406,9.111329,अटकल
13.845016,-4.1442485,परफ
-12.6892,7.94898,ठतम
-1.8531607,21.279411,वकर
-62.250122,3.4092205,लपस
-19.06355,6.6504574,﻿
